num_gpu,opt_level,total_time_per_epoch,train_time_per_epoch,eval_time_per_epoch
32,O0,8.363289833068848,8.279845714569092,9.5367431640625e-07
64,O0,4.30109715461731,4.216497182846069,1.430511474609375e-06
2,O0,129.4716238975525,129.38784337043762,2.1457672119140625e-06
4,O0,65.17600655555725,65.09329390525818,2.384185791015625e-06
8,O0,32.760971784591675,32.68003535270691,1.1920928955078125e-06
16,O0,15.171497583389282,15.085310935974121,2.1457672119140625e-06
1,O0,258.8967499732971,258.8121705055237,1.1920928955078125e-06
