num_gpu,opt_level,total_time_per_epoch,train_time_per_epoch,eval_time_per_epoch
32,O0,8.378716468811035,8.304390907287598,1.430511474609375e-06
2,O0,131.68709015846252,131.61027455329895,1.1920928955078125e-06
4,O0,65.15286040306091,65.07756686210632,1.9073486328125e-06
8,O0,32.82093524932861,32.744322776794434,1.6689300537109375e-06
1,O0,259.6200604438782,259.5469250679016,1.1920928955078125e-06
16,O0,16.673792362213135,16.59748864173889,1.9073486328125e-06
64,O0,4.310316324234009,4.235578298568726,1.9073486328125e-06
